labels,text
ポジティブ,パフォーマンスは素晴らしいです。アプリの起動もスムーズで、マルチタスクを行っても遅延がありません。
ネガティブ,ストレージ容量が少ないため、大量のデータを保存する場合には注意が必要です。常に容量不足の警告が表示されます。
ポジティブ,セキュリティ機能は優れています。指紋認証や顔認証など、侵入防止のためのオプションが豊富で、プライバシーを守るのに役立ちます。
ネガティブ,指紋認証の精度がまだ改善の余地があります。指が湿っていると認識しづらいことがあります。
ポジティブ,音質は素晴らしいです。スピーカーからの音楽や通話音はクリアで、外部の騒音にも負けません。
ネガティブ,イヤホンジャックが不安定で、接触が悪くなることがあります。音楽を聴いている最中に音が途切れることがあります。
ポジティブ,価格は手頃でありながら、性能が高いです。高価な競合製品と比べても、十分な機能を提供しています。
ネガティブ,カメラの性能が他の機種に比べると劣っています。特に暗所での撮影時には、ノイズが目立ちます。
ポジティブ,バッテリー寿命は驚くほど長く、一日中使用しても安心です。急速充電機能も備えており、急な外出でも大丈夫です。
ネガティブ,充電器の耐久性が低いです。コネクタがすぐに緩んでしまい、充電が不安定になることがあります。
ポジティブ,ディスプレイは鮮明で美しいです。色彩が豊かで、動画や写真を楽しむのに最適です。
ネガティブ,画面の耐久性がやや心配です。落下や衝撃に弱く、すぐにキズがついてしまいます。
ポジティブ,カメラ機能は優れており、高品質な写真や動画を撮影できます。さまざまな撮影モードやエフェクトも豊富です。
ネガティブ,暗所での撮影時にはノイズが目立ちます。暗いシーンでは性能が落ちるため、夜景写真などには向いていません。
ポジティブ,操作性は高く、使いやすいです。インターフェースが直感的であり、新しい機能を素早くマスターできます。
ネガティブ,ソフトウェアの更新が頻繁すぎて、それが時々不安定な動作を引き起こします。
ネガティブ,バッテリー寿命は短く、一日中使用するには物足りないです。急速充電機能があるとはいえ、充電が頻繁に必要です。
ポジティブ,ディスプレイの色彩は鮮やかで、動画やゲームを楽しむのに最適です。
ポジティブ,デザインは斬新で、他の機種とは一線を画しています。手になじむ感覚はまさに最高です。
ネガティブ,指紋がつきやすく、定期的に拭かないと清潔さを保つのが難しいです。
ネガティブ,カメラは解像度が低く、細部がぼやけてしまいます。特に暗い場所での撮影は難しいです。
ポジティブ,スピーカーの音質は素晴らしく、臨場感あふれる音楽体験を提供してくれます。
ポジティブ,価格は手頃でありながら、高性能を備えています。コストパフォーマンスに優れています。
ネガティブ,熱を持ちやすく、長時間使用すると機器が熱くなり、不快な感覚を覚えることがあります。
ポジティブ,ソフトウェアは安定しており、クラッシュやフリーズがほとんどありません。
ネガティブ,時々アップデートが遅れ、最新のセキュリティパッチや機能を受け取るのに苦労することがあります。
ネガティブ,ディスプレイは反射しやすく、屋外で使用する際には見づらいことがあります。
ポジティブ,防水性能が高く、雨の日やプールサイドでも安心して使用できます。
ポジティブ,メモリ容量は大きく、大量の写真やアプリを保存してもストレスを感じません。
ネガティブ,スピーカーの音量がやや小さく、騒々しい環境では聞き取りにくいことがあります。
ネガティブ,指紋認証が不安定で、登録した指以外ではうまく解除できないことがあります。
ポジティブ,フェイスアンロック機能が迅速で便利です。
ポジティブ,バックアップ機能は優れており、データの喪失を心配する必要がありません。
ネガティブ,画面の耐久性が低く、すぐに傷がつくため、保護フィルムやケースが必須です。
ポジティブ,GPS機能は正確で信頼性が高く、ナビゲーションに役立ちます。
ネガティブ,充電の持ちが悪く、一日中使っているとすぐにバッテリーがなくなってしまいます。
ポジティブ,ディスプレイは色鮮やかで、映画やゲームを楽しむのに最適です。
ネガティブ,画面の反射が強く、直射日光下で使用すると見づらいことがあります。
ネガティブ,充電速度が遅く、充電器から離れられない時間が長くなってしまいます。
ポジティブ,充電器が携帯しやすく、持ち運びが便利です。
ポジティブ,カメラは優れており、クリアで鮮明な写真を撮影できます。
ネガティブ,カメラの起動が遅いため、素早くシャッターを切るのが難しいことがあります。
ネガティブ,本体が滑りやすく、落としてしまうことがよくあります。
ポジティブ,耐衝撃性が高いケースを装着することで、本体の保護が可能です。
ポジティブ,デザインはスタイリッシュで、手に取るだけで満足感があります。
ネガティブ,本体の大きさが大きすぎて、片手での操作がやや難しいです。
ネガティブ,スピーカー音量が低く、外部の騒音に負けてしまいます。
ポジティブ,イヤホンを使用すると高品質な音楽体験を楽しむことができます。
ポジティブ,セキュリティ機能は信頼性が高く、プライバシーを保護してくれます。
ネガティブ,顔認証や指紋認証の反応が不安定で、たまにロック解除がうまくいかないことがあります。
ネガティブ,データ転送速度が遅く、ファイルを送受信するのに時間がかかります。
ポジティブ,Wi-FiやBluetoothの接続が安定しており、オンライン作業が快適に行えます。
ポジティブ,バッテリー持続時間は長く、一日中使っても安心です。
ネガティブ,バッテリーの劣化が早く、使用開始から数ヶ月で持ちが悪くなることがあります。
ネガティブ,ソフトウェア更新が頻繁すぎて、更新中に不具合が発生することがあります。
ポジティブ,最新のセキュリティパッチや機能追加が提供され、セキュリティが強化されます。
ポジティブ,画面解像度が高く、映像を鮮明に楽しむことができます。
ネガティブ,画面のリフレッシュレートが低く、動画再生中に画面がちらつくことがあります。
ネガティブ,カメラ性能が低く、暗所での撮影が難しいです。
ポジティブ,様々な撮影モードやフィルターが用意されており、クリエイティブな写真が撮れます。
ポジティブ,持ちやすさが良く、片手での操作がしやすいです。
ネガティブ,側面のボタン配置が使いづらく、誤操作を引き起こすことがあります。
ネガティブ,防水性能が低く、水没させるとすぐに故障してしまいます。
ポジティブ,耐久性のあるケースを使用することで、水や衝撃から守ることができます。
ポジティブ,GPS精度が高く、正確な位置情報を提供してくれます。
ネガティブ,GPS機能を使用するとバッテリーの消耗が早く、長時間の使用が難しいです。
ポジティブ,ディスプレイは大画面で、視覚体験がより没入感があります。
ネガティブ,画面の反射が強く、屋外で使用すると見づらいことがあります。
ネガティブ,充電器が非常に短いケーブルで提供されており、使い勝手が悪いです。
ポジティブ,ワイヤレス充電機能を搭載しているため、ケーブルの不便さを軽減しています。
ポジティブ,カメラは高性能で、色彩が鮮やかで美しい写真を撮影できます。
ネガティブ,カメラ起動時に少し時間がかかるため、素早く写真を撮りたいときに不便です。
ネガティブ,本体が薄すぎて、持ちやすさに欠けます。
ポジティブ,薄型のデザインが美しく、ポケットに入れてもかさばりません。
ポジティブ,デザインはモダンで洗練されており、高級感があります。
ネガティブ,背面が滑りやすく、落下しやすいデザインです。
ネガティブ,スピーカーの音質が低く、音楽を楽しむには不十分です。
ポジティブ,イヤホンジャックが付属しており、高品質な音楽体験を提供しています。
ポジティブ,セキュリティ機能は堅固で、プライバシーを守ってくれます。
ネガティブ,セキュリティ更新が遅れることがあり、脆弱性を抱えるリスクがあります。
ネガティブ,データ転送速度が遅く、大容量のファイルを送受信するのに時間がかかります。
ポジティブ,データ通信が安定しており、インターネットの閲覧や動画ストリーミングがスムーズです。
ポジティブ,バッテリー持続時間が長く、一日中使っても充分な電力を供給してくれます。
ネガティブ,バッテリーの劣化が早く、使用開始から数ヶ月で持ちが悪くなることがあります。
ネガティブ,ソフトウェアが重く、動作が遅くなることがあります。
ポジティブ,定期的なソフトウェアアップデートにより、改善が続けられています。
ポジティブ,画面解像度が高く、鮮明で細部までクッキリとした映像を楽しめます。
ネガティブ,画面の明るさ調整が不十分で、屋外での使用が少し困難です。
ネガティブ,カメラ性能が低く、暗所での撮影が難しいです。
ポジティブ,画像処理技術が進化しており、暗所でも比較的クリアな写真を撮影できます。
ポジティブ,持ち運びやすさが良く、軽量でコンパクトです。
ネガティブ,側面のボタン配置が扱いづらく、誤操作を引き起こすことがあります。
ネガティブ,防水性能が低く、水没させるとすぐに故障してしまいます。
ポジティブ,耐久性のあるケースを使用することで、水や衝撃から守ることができます。
ポジティブ,GPS機能は高精度で、正確な位置情報を提供してくれます。
ネガティブ,GPSを使用するとバッテリーの消耗が早く、長時間の使用が難しいです。
ポジティブ,ディスプレイは広視野角で、画面を見る角度によって色の変化が少ないです。
ネガティブ,画面の輝度調整が自動ではなく、手動で調整する必要があります。
ネガティブ,充電ケーブルが脆弱で、折れやすくなっています。
ポジティブ,急速充電機能が備わっているので、短時間で充電が完了します。
ポジティブ,カメラは高性能で、さまざまな撮影モードやフィルターが楽しめます。
ネガティブ,ズーム機能がデジタルズームであり、画質の劣化が目立ちます。
ネガティブ,本体が滑りやすく、握りやすさに欠けます。
ポジティブ,耐衝撃性のあるケースを装着することで、落下時の衝撃を軽減できます。
ポジティブ,デザインはシンプルで、使い勝手が良いです。
ネガティブ,背面が指紋や汚れが目立ちやすく、常に清潔を保つのが難しいです。
ネガティブ,スピーカー音量が小さく、周囲の騒音にかき消されてしまいます。
ポジティブ,ヘッドフォンジャックが付属しており、個別の音楽体験を楽しむことができます。
ポジティブ,セキュリティ機能は高度で、個人データの保護に役立ちます。
ネガティブ,顔認証や指紋認証の反応が不安定で、たまにロック解除が失敗することがあります。
ネガティブ,データ転送速度が遅く、大容量のファイルの転送に時間がかかります。
ポジティブ,Wi-Fi接続が高速で安定しており、オンライン動画のストリーミングが滑らかです。
ポジティブ,バッテリー持続時間が長く、一日中使っても充電の心配がありません。
ネガティブ,バッテリーの劣化が早く、使用開始から数ヶ月で持ちが悪くなることがあります。
ネガティブ,ソフトウェアが不安定で、アプリのクラッシュやフリーズが頻繁に発生します。
ポジティブ,定期的なソフトウェアの更新により、安定性が向上しています。
ポジティブ,画面解像度が高く、鮮明で細部までクッキリとした映像を楽しめます。
ネガティブ,画面の明るさ調整が不十分で、屋外での使用が少し困難です。
ネガティブ,カメラ性能が低く、暗所での撮影が難しいです。
ポジティブ,デザインは非常に洗練されており、手になじむ感覚があります。
ネガティブ,背面が滑りやすく、落下しやすいデザインです。
ネガティブ,スピーカーの音質が低く、音楽を楽しむには不十分です。
ポジティブ,Bluetooth接続を使用することで、外部スピーカーなどと連携して高音質な音楽を楽しめます。
ポジティブ,セキュリティ機能は強力で、プライバシーを保護するのに役立ちます。
ネガティブ,セキュリティソフトウェアの更新が頻繁すぎて、使用中に邪魔に感じることがあります。
ネガティブ,データ転送速度が遅く、ファイルの送受信に時間がかかります。
ポジティブ,USB Type-Cポートを使用することで高速のデータ転送が可能です。
ポジティブ,バッテリー持続時間が長く、一日中使っても充電の心配がありません。
ネガティブ,急速充電機能がないため、充電に時間がかかります。
ネガティブ,ソフトウェアが不安定で、時々フリーズすることがあります。
ポジティブ,問題が発生した場合でも、再起動することで一時的な解決が可能です。
ポジティブ,画面は耐久性があり、キズや汚れに強いです。
ネガティブ,画面のフィルムが剥がれやすく、定期的な交換が必要です。
ネガティブ,カメラ性能が低く、暗所での撮影が難しいです。
ポジティブ,プロフェッショナルモードや手ブレ補正など、機能が豊富でクリエイティブな撮影が楽しめます。
ポジティブ,デザインはスタイリッシュで、手に馴染みます。
ネガティブ,背面が滑りやすく、落下しやすい傾向があります。
ネガティブ,スピーカー音量が低く、音楽を楽しむには物足りません。
ポジティブ,イヤホンやワイヤレススピーカーとの接続が簡単で、高音質な音楽体験が可能です。
ポジティブ,セキュリティ機能は高度で、データの安全性が保たれます。
ネガティブ,指紋認証や顔認証の精度が低く、認識が遅れることがあります。
ネガティブ,データ転送速度が遅く、ファイルの送受信に時間がかかります。
ポジティブ,Wi-FiやBluetoothを使用することで高速のデータ転送が可能です。
ポジティブ,バッテリー持続時間が長く、一日中使っても問題ありません。
ネガティブ,バッテリーの充電が遅く、充電に時間がかかります。
ネガティブ,ソフトウェアが不安定で、アプリのクラッシュが頻繁に発生します。
ポジティブ,定期的なソフトウェアの更新により、問題が解決されることがあります。
ポジティブ,画面解像度が高く、鮮明で細部までクッキリとした映像を楽しめます。
ネガティブ,画面の明るさが不十分で、屋外での使用が難しいことがあります。
ネガティブ,カメラ性能が低く、暗所での撮影が難しいです。
ポジティブ,ナイトモードや手ブレ補正機能など、暗所でもクリアな写真が撮影できる機能が充実しています。
ポジティブ,デザインは洗練されており、手に馴染みます。
ネガティブ,背面が滑りやすく、落下しやすいデザインです。
ネガティブ,スピーカー音量が低く、音楽を楽しむには不十分です。
ポジティブ,イヤホンジャックやBluetooth接続を使用することで、高品質な音楽体験が可能です。
ポジティブ,セキュリティ機能は高度で、プライバシーを保護するのに役立ちます。
ネガティブ,顔認証や指紋認証の精度が低く、ロック解除が遅れることがあります。
ネガティブ,データ転送速度が遅く、ファイルの送受信に時間がかかります。
ポジティブ,Wi-FiやBluetoothを使用することで高速のデータ転送が可能です。
ポジティブ,バッテリー持続時間が長く、一日中使っても充電の心配がありません。
ネガティブ,急速充電機能がないため、充電に時間がかかります。
ネガティブ,ソフトウェアが不安定で、時々フリーズすることがあります。
ポジティブ,再起動することで一時的な解決が可能です。
ポジティブ,画面は耐久性があり、キズや汚れに強いです。
ネガティブ,画面のフィルムが剥がれやすく、定期的な交換が必要です。
ネガティブ,カメラ性能が低く、暗所での撮影が難しいです。
ポジティブ,プロフェッショナルモードや手ブレ補正など、機能が豊富でクリエイティブな撮影が楽しめます。
ポジティブ,デザインはスタイリッシュで、手に馴染みます。
ネガティブ,背面が滑りやすく、落下しやすい傾向があります。
ネガティブ,スピーカー音量が低く、音楽を楽しむには物足りません。
ポジティブ,Bluetooth接続を使用することで外部スピーカーやヘッドフォンと接続し、高音質な音楽を楽しめます。
ポジティブ,セキュリティ機能は高度で、データの安全性が保たれます。
ネガティブ,指紋認証や顔認証の反応が遅れることがあり、ロック解除が不便です。
ネガティブ,データ転送速度が遅く、ファイルの送受信に時間がかかります。
ポジティブ,高速充電機能が搭載されており、急速に充電が可能です。
ポジティブ,バッテリー持続時間が長く、一日中使っても問題ありません。
ネガティブ,バッテリーの劣化が早く、使用開始から数ヶ月で持ちが悪くなることがあります。
ネガティブ,ソフトウェアが不安定で、アプリのクラッシュが頻繁に発生します。
ポジティブ,定期的なソフトウェアの更新により、問題が解決されることがあります。
ポジティブ,デザインは洗練されており、手にフィットします。
ネガティブ,背面が滑りやすく、落下のリスクが高いです。
ネガティブ,スピーカー音量が低く、音楽や動画を楽しむのに不十分です。
ポジティブ,ヘッドフォンジャックやBluetooth接続を介して外部スピーカーやヘッドセットを接続することができます。
ポジティブ,セキュリティ機能は高度で、ユーザーのプライバシーを保護します。
ネガティブ,顔認証や指紋認証の精度が低く、ロック解除が不確実な場合があります。
ネガティブ,データ転送速度が遅く、ファイルの送受信に時間がかかります。
ポジティブ,Wi-Fiや高速のモバイルデータ接続を利用することで、高速なデータ転送が可能です。
ポジティブ,バッテリー持続時間が長く、一日中使用しても安心です。
ネガティブ,バッテリーの劣化が早く、時間が経つにつれて持続時間が短くなる傾向があります。
ネガティブ,ソフトウェアが不安定で、アプリのクラッシュが頻繁に発生します。
ポジティブ,定期的なソフトウェアの更新により、問題が解決されることがあります。
ポジティブ,画面は耐久性があり、キズや汚れに強く、長期間美しさを保ちます。
ネガティブ,画面のフィルムが剥がれやすく、定期的な交換が必要です。
ネガティブ,カメラ性能が低く、暗所での撮影が難しいです。
ポジティブ,ナイトモードや手ブレ補正機能が搭載されており、暗い場所でもクリアな写真を撮影できます。
ポジティブ,デザインは美しく、手にしっくりと馴染みます。
ネガティブ,指紋や汚れが目立ちやすく、常に清潔を保つのが難しいです。
ネガティブ,スピーカー音量が低く、音楽や動画の再生が十分ではありません。
ポジティブ,外部スピーカーやヘッドフォンを接続することで、高音質な音楽体験が可能です。
ポジティブ,セキュリティ機能は優れており、ユーザーのプライバシーを保護します。
